"id","name","email","address","telephone","created_at","updated_at","photo"
"23","Ngoc Tien","ngocthuy@ngoctien.com","56 Au Co, Ho Chi Minh, Vietnam","090911262","2017-10-16 08:08:38","2017-11-01 10:03:36","Bao cao 1.png"
"22","Ngoc Tien","ngocthuy@ngoctien.com","56 Au Co, Ho Chi Minh, Vietnam","090911262","2017-10-16 08:08:38","2017-11-01 10:04:58","Giao dich 24.png"
"3","TOVINA","luyen@tovina.vn","67 San Bay Tan Son Nhat, HCMC","0902345678","2017-10-16 08:10:05","2017-11-01 10:07:38","Bao cao.png"
"4","Ngoc Tien","ngocthuy@ngoctien.com","56 Au Co, Ho Chi Minh, Vietnam","090911262","2017-10-16 08:08:38","2017-10-16 08:08:38",""
"19","TOVINA","luyen@tovina.vn","67 San Bay Tan Son Nhat, HCMC","0902345678","2017-10-16 08:10:05","2017-10-16 08:10:05",""
"6","TOVINA","luyen@tovina.vn","67 San Bay Tan Son Nhat, HCMC","0902345678","2017-10-16 08:10:05","2017-10-16 08:10:05",""
"7","Ngoc Tien","ngocthuy@ngoctien.com","56 Au Co, Ho Chi Minh, Vietnam","090911262","2017-10-16 08:08:38","2017-10-16 08:08:38",""
"24","TOVINA","luyen@tovina.vn","67 San Bay Tan Son Nhat, HCMC","0902345678","2017-10-16 08:10:05","2017-10-16 08:10:05",""
"25","Ngoc Tien","ngocthuy@ngoctien.com","56 Au Co, Ho Chi Minh, Vietnam","090911262","2017-10-16 08:08:38","2017-10-16 08:08:38",""
"27","TOVINA","luyen@tovina.vn","67 San Bay Tan Son Nhat, HCMC","0902345678","2017-10-16 08:10:05","2017-10-16 08:10:05",""
"20","Ngoc Tien","ngocthuy@ngoctien.com","56 Au Co, Ho Chi Minh, Vietnam","090911262","2017-10-16 08:08:38","2017-10-16 08:08:38",""
"21","TOVINA","luyen@tovina.vn","67 San Bay Tan Son Nhat, HCMC","0902345678","2017-10-16 08:10:05","2017-10-16 08:10:05",""
"28","Ngoc Tien","ngocthuy@ngoctien.com","56 Au Co, Ho Chi Minh, Vietnam","090911262","2017-10-16 08:08:38","2017-10-16 08:08:38",""
"29","Ngoc Tien","ngocthuy@ngoctien.com","56 Au Co, Ho Chi Minh, Vietnam","090911262","2017-10-16 08:08:38","2017-10-16 08:08:38",""
"30","TOVINA","luyen@tovina.vn","67 San Bay Tan Son Nhat, HCMC","0902345678","2017-10-16 08:10:05","2017-10-16 08:10:05",""
"35","Nguyen Van Ty","ty_nguyen@gmail.com","Bien Hoa  Dong Nai","909324567","2017-11-18 09:07:23","2017-11-18 09:07:23","Test.jpg"
"34","Nguyen Van Ty","ty_nguyen@gmail.com","Bien Hoa  Dong Nai","909324567","2017-11-18 09:00:01","2017-11-18 09:00:01","Test.jpg"
"36","Nguyen Van Teo","ty_nguyen@gmail.com","Bien Hoa  Dong Nai","909324567","2017-11-18 09:07:23","2017-11-18 09:07:23","Test.jpg"
"37","Nguyen Van Xy","ty_nguyen@gmail.com","Bien Hoa  Dong Nai","909324567","2017-11-18 09:07:23","2017-11-18 09:07:23","Test.jpg"
"38","Nguyen Van Minh","ty_nguyen@gmail.com","Bien Hoa  Dong Nai","909324567","2017-11-18 09:07:23","2017-11-18 09:07:23","Test.jpg"
"39","Nguyen Van Quy","ty_nguyen@gmail.com","Bien Hoa  Dong Nai","909324567","2017-11-18 09:07:23","2017-11-18 09:07:23","Test.jpg"
